date,value,return,cummax,drawdown
2021-02-01,80000000.0,,80000000.0,0.0
2021-02-02,79339807.25,-0.008252409375000047,80000000.0,-0.8252409375000047
2021-02-03,78969629.55999999,-0.004665724594383969,80000000.0,-1.2879630500000183
2021-02-04,78166508.95000002,-0.010169993381946574,80000000.0,-2.2918638124999724
2021-02-05,77111860.39,-0.013492332895084669,80000000.0,-3.6101745124999973
2021-02-08,77737187.14000002,0.008109345914329769,80000000.0,-2.828516074999976
2021-02-09,78979616.16,0.015982428303746632,80000000.0,-1.2754798000000012
2021-02-10,79238872.08000001,0.003282567485195287,80000000.0,-0.9514098999999887
2021-02-18,81752319.82,0.031719882855757886,81752319.82,0.0
2021-02-19,83629795.02,0.022965405802964023,83629795.02,0.0
2021-02-22,85018347.63999999,0.01660356359438553,85018347.63999999,0.0
2021-02-23,84691477.94999999,-0.0038446958694620115,85018347.63999999,-0.38446958694620115
2021-02-24,84600481.52,-0.0010744461214116097,85018347.63999999,-0.4915011072308739
2021-02-25,84238130.88000003,-0.0042830801136080066,85018347.63999999,-0.9177039799734721
2021-02-26,83663844.13000001,-0.006817420377217331,85018347.63999999,-1.593189643881876
2021-03-01,85596353.55,0.02309850139084202,85596353.55,0.0
2021-03-02,84762278.58000001,-0.009744281565835289,85596353.55,-0.9744281565835289
2021-03-03,86466121.43000002,0.020101428118073805,86466121.43000002,0.0
2021-03-04,86130703.51,-0.003879183134998798,86466121.43000002,-0.3879183134998798
2021-03-05,86966402.52,0.00970268412939368,86966402.52,0.0
2021-03-08,86162123.78,-0.009248154651619989,86966402.52,-0.9248154651619989
2021-03-09,84191936.54999998,-0.02286604767345979,86966402.52,-3.1902733579924236
2021-03-10,82925422.96,-0.01504316971314501,86966402.52,-4.646598505751321
2021-03-11,84971652.45,0.02467553877882578,86966402.52,-2.293701949487048
2021-03-12,85482455.2,0.006011448939404529,86966402.52,-1.7063455276981498
2021-03-15,86886654.26999998,0.016426751743555235,86966402.52,-0.09170006771486161
2021-03-16,87925358.73,0.011954706608592103,87925358.73,0.0
2021-03-17,88577487.35,0.007416843438791565,88577487.35,0.0
2021-03-18,88070934.33999999,-0.0057187556923853355,88577487.35,-0.5718755692385336
2021-03-19,88126012.75999999,0.000625387029361768,88577487.35,-0.5096945098657768
2021-03-22,90067700.87,0.022033087044207367,90067700.87,0.0
2021-03-23,88693019.46999998,-0.015262756645516906,90067700.87,-1.5262756645516906
2021-03-24,87636828.88,-0.011908384631749258,90067700.87,-2.6989386500590573
2021-03-25,87280293.10000002,-0.004068332738147884,90067700.87,-3.094791743405567
2021-03-26,88039491.34999998,0.008698392535530619,90067700.87,-2.2518722032523697
2021-03-29,87804852.55999999,-0.002665153857684066,90067700.87,-2.5123860031312617
2021-03-30,86108776.05000003,-0.019316432526789717,90067700.87,-4.395498921099506
2021-03-31,86192548.41999999,0.0009728668068782476,90067700.87,-4.302488475411681
2021-04-01,87531665.37,0.015536342462862951,90067700.87,-2.815699163521901
2021-04-02,87035082.63999999,-0.005673178133889567,90067700.87,-3.3670430139847496
2021-04-06,88797397.90000002,0.020248332127050794,90067700.87,-1.4103868065128977
2021-04-07,90055883.89999999,0.014172554936995096,90067700.87,-0.013120097311103418
2021-04-08,87780420.57000002,-0.025267236647487645,90067700.87,-2.5395122534562664
2021-04-09,88417813.54000002,0.007261220279660252,90067700.87,-1.8318301833654682
2021-04-12,88777646.19000001,0.004069685005694046,90067700.87,-1.4323166546262867
2021-04-13,86663019.12000002,-0.023819364003797916,90067700.87,-3.7801361832408342
2021-04-14,87561560.46999998,0.01036822117581404,90067700.87,-2.7825073536819622
2021-04-15,86242683.73000003,-0.015062279988166893,90067700.87,-4.246824447668363
2021-04-16,87935966.37,0.01963392796658714,90067700.87,-2.3668134963019227
2021-04-19,88615414.30000001,0.0077266215184486065,90067700.87,-1.6124388165477455
2021-04-20,88015474.41,-0.006770152740797064,90067700.87,-2.278537633554234
2021-04-21,86947215.81,-0.012137168005523113,90067700.87,-3.464599440041194
2021-04-22,87265836.6,0.003664531256483805,90067700.87,-3.1108424473320406
2021-04-23,86486483.42999999,-0.008930793542635929,90067700.87,-3.9761395099548458
2021-04-26,85400971.08,-0.01255123699044347,90067700.87,-5.181357739702685
2021-04-27,84317955.05,-0.012681542332644846,90067700.87,-6.383804365450551
2021-04-28,83761589.63000001,-0.006598421648984054,90067700.87,-7.001523497421092
2021-04-29,83845500.91000001,0.001001787100396001,90067700.87,-6.908358823304328
2021-04-30,82526658.34,-0.015729437545082603,90067700.87,-8.3726379791624
2021-05-06,83667327.80000001,0.013821830217583653,90067700.87,-7.106180138025309
2021-05-07,84732781.48,0.012734405508287194,90067700.87,-5.9232325666891406
2021-05-10,88412888.12000003,0.043431911188571926,90067700.87,-1.837298758617656
2021-05-11,88026967.60000002,-0.004364980357572046,90067700.87,-2.265777021382498
2021-05-12,90100806.66,0.02355913325815817,90100806.66,0.0
2021-05-13,89190733.97,-0.010100605352338365,90100806.66,-1.0100605352338365
2021-05-14,89387635.87999998,0.002207649844727211,90100806.66,-0.7915254107448755
2021-05-17,87653750.68000002,-0.019397371716236456,90100806.66,-2.715909069753464
2021-05-18,88789102.61000001,0.012952690799790778,90100806.66,-1.4558183201952457
2021-05-19,87599580.32000002,-0.013397165361890062,90100806.66,-2.776031017611724
2021-05-20,85447768.39999999,-0.024564180697435933,90100806.66,-5.164258159817015
2021-05-21,86815440.05999999,0.016005937727918473,90100806.66,-3.6463231815420993
2021-05-24,86835599.42000003,0.00023220938563595084,90100806.66,-3.6239489534443226
2021-05-25,87658473.34000002,0.009476227785564895,90100806.66,-2.7106675406539327
2021-05-26,87397610.49999999,-0.002975899876652255,90100806.66,-3.000190853119289
2021-05-27,87778036.55000001,0.004352819806212382,90100806.66,-2.5779681626659334
2021-05-28,88164084.72000001,0.004398004161098923,90100806.66,-2.1495056612626184
2021-05-31,88536008.68,0.00421854274539557,90100806.66,-1.7367191682365668
2021-06-01,89356279.57000002,0.009264827974849954,90100806.66,-0.8263267750859171
2021-06-02,88321642.90999998,-0.011578779521472016,90100806.66,-1.974636871691704
2021-06-03,89486989.11,0.013194344688396642,90100806.66,-0.6812564423715584
2021-06-04,88787669.49000001,-0.007814763095228994,90100806.66,-1.4574088941902374
2021-06-07,89638138.63999999,0.00957868536121187,90100806.66,-0.5135004193091319
2021-06-08,89603450.91999999,-0.000386975014500357,90100806.66,-0.5519992089269565
2021-06-09,89107021.87999998,-0.005540289295813294,90100806.66,-1.1029699031997686
2021-06-10,89537855.99000001,0.0048350186204206835,90100806.66,-0.6248009211774375
2021-06-11,90112001.26999998,0.006412318830418373,90112001.26999998,0.0
2021-06-15,89261603.84,-0.009437116233296794,90112001.26999998,-0.9437116233296794
2021-06-16,87937344.48999998,-0.014835710910748756,90112001.26999998,-2.413282081577728
2021-06-17,88239623.98999998,0.003437441757572879,90112001.26999998,-2.0778334224204498
2021-06-18,88825932.86999999,0.0066445079147940955,90112001.26999998,-1.4271888115619413
2021-06-21,89714408.75000003,0.010002437928801289,90112001.26999998,-0.44122038618213955
2021-06-22,89856450.38000001,0.0015832644051168021,90112001.26999998,-0.2835925142027129
2021-06-23,89395847.16,-0.0051259894871446,90112001.26999998,-0.7947377706707393
2021-06-24,88610586.21000001,-0.008784087571702681,90112001.26999998,-1.6661654816668925
2021-06-25,89125432.79000002,0.005810215257800788,90112001.26999998,-1.0948247359904184
2021-06-28,89047690.17999999,-0.0008722831134319042,90112001.26999998,-1.1810980502042434
2021-06-29,88449557.01,-0.006716998147744513,90112001.26999998,-1.8448644315631646
2021-06-30,88252521.36999999,-0.0022276611286785597,90112001.26999998,-2.0635208116491444
2021-07-01,86972423.08999997,-0.014504948528701878,90112001.26999998,-3.484084401358456
2021-07-02,87010291.13999999,0.00043540295480593016,90112001.26999998,-3.44206108652102
2021-07-05,89011293.66000004,0.022997308637669356,90112001.26999998,-1.2214883639105056
2021-07-06,89418841.98000002,0.004578613603310799,90112001.26999998,-0.769219726818704
2021-07-07,89923069.97999999,0.005638945761708092,90112001.26999998,-0.2096627389662542
2021-07-08,90184420.28999999,0.0029063766401451474,90184420.28999999,0.0
2021-07-09,91251932.57000004,0.011836992205164876,91251932.57000004,0.0
2021-07-12,91561449.50000001,0.003391894519741312,91561449.50000001,0.0
2021-07-13,92689438.51999998,0.01231947534862865,92689438.51999998,0.0
2021-07-14,91303653.80000001,-0.014950837356738855,92689438.51999998,-1.4950837356738855
2021-07-15,91736150.64999999,0.004736906268256957,92689438.51999998,-1.0284751803672831
2021-07-16,92808672.93999995,0.011691381013924973,92808672.93999995,0.0
2021-07-19,92463090.17000002,-0.003723604260814639,92808672.93999995,-0.3723604260814639
2021-07-20,93054738.89000002,0.006398755643059362,93054738.89000002,0.0
2021-07-21,95187301.41000001,0.022917290891771858,95187301.41000001,0.0
2021-07-22,96112007.48999998,0.009714594975405166,96112007.48999998,0.0
2021-07-23,94987209.19000004,-0.011702994551611723,96112007.48999998,-1.1702994551611723
2021-07-26,94439482.32000002,-0.005766322378252142,96112007.48999998,-1.7401833690488422
2021-07-27,91831073.43999997,-0.027619898118052877,96112007.48999998,-4.454109493494274
2021-07-28,90271359.65,-0.016984597169269033,96112007.48999998,-6.076917954926353
2021-07-29,93035301.67000002,0.030618149884042545,96112007.48999998,-3.2011669512990615
2021-07-30,93240517.73000002,0.0022057870111273914,96112007.48999998,-2.987649342667953
2021-08-02,94318175.05,0.011557822138231755,96112007.48999998,-1.866397848558743
2021-08-03,93141506.82000001,-0.012475519478363672,96112007.48999998,-3.0906655136810457
2021-08-04,94525191.01999998,0.014855720583026422,96112007.48999998,-1.6510075186652373
2021-08-05,93594459.75,-0.009846383381579726,96112007.48999998,-2.6193894038285648
2021-08-06,94536195.39999999,0.010061873881375583,96112007.48999998,-1.6395579815185357
2021-08-09,95719657.78999996,0.01251861665251619,96112007.48999998,-0.4082213141171187
2021-08-10,95937789.87999997,0.0022788640811750582,96112007.48999998,-0.1812651868895121
2021-08-11,97952270.15000002,0.020997776502041487,97952270.15000002,0.0
2021-08-12,99029624.42999998,0.010998767852446356,99029624.42999998,0.0
2021-08-13,100025331.46000001,0.010054638051302023,100025331.46000001,0.0
2021-08-16,99940195.38999997,-0.0008511450925217101,100025331.46000001,-0.08511450925217101
2021-08-17,98872748.24000002,-0.010680859146156463,100025331.46000001,-1.1522913277832059
2021-08-18,99775942.57000002,0.009134916810521032,100025331.46000001,-0.2493257321518727
2021-08-19,98368481.72,-0.014106214521727889,100025331.46000001,-1.6564301420611494
2021-08-20,98756610.17999999,0.003945658743669256,100025331.46000001,-1.268399975767509
2021-08-23,100160872.47000001,0.014219425792769913,100160872.47000001,0.0
2021-08-24,101053472.44,0.008911663287151761,101053472.44,0.0
2021-08-25,102593353.31,0.015238277644682663,102593353.31,0.0
2021-08-26,104943217.49000002,0.02290464347041654,104943217.49000002,0.0
2021-08-27,105330145.41999997,0.003687021793826961,105330145.41999997,0.0
2021-08-30,105781033.04,0.004280708226520824,105781033.04,0.0
2021-08-31,107108517.8,0.012549364681454955,107108517.8,0.0
2021-09-01,106205990.75999999,-0.008426286335931454,107108517.8,-0.8426286335931454
2021-09-02,108294671.79000002,0.019666320280556926,108294671.79000002,0.0
2021-09-03,108219235.21999997,-0.0006965861639650628,108294671.79000002,-0.06965861639650628
2021-09-06,109126770.20999996,0.008386078391286578,109126770.20999996,0.0
2021-09-07,110612656.1,0.013616144664967633,110612656.1,0.0
2021-09-08,112069927.45999996,0.01317454449952371,112069927.45999996,0.0
2021-09-09,113749707.1,0.014988674286414483,113749707.1,0.0
2021-09-10,113170903.06999998,-0.005088400179274144,113749707.1,-0.5088400179274144
2021-09-13,114011116.50000001,0.007424288462912987,114011116.50000001,0.0
2021-09-14,112698961.53000002,-0.011509009035974072,114011116.50000001,-1.1509009035974072
2021-09-15,114771240.43,0.01838773731245391,114771240.43,0.0
2021-09-16,113075270.83,-0.01477695626226494,114771240.43,-1.477695626226494
2021-09-17,111820276.49000001,-0.01109875157307183,114771240.43,-2.571170206877582
2021-09-22,112571391.03999999,0.006717158762052922,114771240.43,-1.9167252891561515
2021-09-23,113246569.87,0.00599778348443869,114771240.43,-1.328443043995775
2021-09-24,111642871.03,-0.01416112507284728,114771240.43,-2.7257433031823264
2021-09-27,107262512.97,-0.03923544799222278,114771240.43,-6.542342342792439
2021-09-28,109761022.13,0.023293405037963177,114771240.43,-4.365395269083794
2021-09-29,106937090.37000002,-0.0257280016639726,114771240.43,-6.825882538734174
2021-09-30,110366285.86999997,0.03206740980267009,114771240.43,-3.8380299311016497
2021-10-08,111218613.59,0.007722718158731823,114771240.43,-3.095398138671146
2021-10-11,111267816.29000004,0.0004423962717374774,114771240.43,-3.0525279040934827
2021-10-12,109199415.94999997,-0.018589385583061557,114771240.43,-4.854721844187382
2021-10-13,105259350.34999996,-0.036081379792398116,114771240.43,-8.287694760780628
2021-10-14,104457142.04,-0.007621254618544793,114771240.43,-8.986657590662405
2021-10-15,103070899.22999994,-0.013270924160161512,114771240.43,-10.194488755339549
2021-10-18,106272875.22999999,0.03106576176127973,114771240.43,-7.404612138163003
2021-10-19,106733245.85,0.004331967296486994,114771240.43,-7.003491946139984
2021-10-20,107282773.29999998,0.005148606187544313,114771240.43,-6.524689549353879
2021-10-21,106632991.69999997,-0.0060567188935636285,114771240.43,-7.0908432282420275
2021-10-22,103602670.26999998,-0.028418235123004565,114771240.43,-9.73115749046194
2021-10-25,104070413.93999995,0.004514783921891086,114771240.43,-9.323613171652168
2021-10-26,102601980.88999999,-0.014109995284986243,114771240.43,-10.603056562259738
2021-10-27,102517716.75,-0.0008212720579958699,114771240.43,-10.676475773975403
2021-10-28,100672191.64000002,-0.018002011442573296,114771240.43,-12.284478879183258
2021-10-29,100429249.19000001,-0.0024132031501683526,114771240.43,-12.49615425107068
2021-11-01,101086807.35999998,0.006547476709259703,114771240.43,-11.923224859058902
2021-11-02,98423828.72000003,-0.026343483482629937,114771240.43,-14.2434739301876
2021-11-03,98744889.26000002,0.003262020429152024,114771240.43,-13.963734390214766
2021-11-04,100843038.89000002,0.021248184546295512,114771240.43,-12.13561994086395
2021-11-05,101512549.24,0.0066391330266264426,114771240.43,-11.55227663334928
2021-11-08,102631864.74000002,0.01102637563907205,114771240.43,-10.577018811087868
2021-11-09,103433686.5,0.007812600521594826,114771240.43,-9.878392781608802
2021-11-10,105018853.08,0.01532543829422539,114771240.43,-8.497239651206934
2021-11-11,106122995.59000003,0.010513755174596406,114771240.43,-7.535202031099953
2021-11-12,106390927.46000002,0.0025247296168977584,114771240.43,-7.301753417147405
2021-11-15,107105430.21000001,0.0067158240562252836,114771240.43,-6.679208302776374
2021-11-16,106980704.47,-0.0011645136923073007,114771240.43,-6.78788164248475
2021-11-17,107697445.88999997,0.0066997261193111335,114771240.43,-6.163385978488578
2021-11-18,106127589.74,-0.014576540205079702,114771240.43,-7.531199155481683
2021-11-19,106285036.66000001,0.0014835625720488466,114771240.43,-7.3940159034665225
2021-11-22,107029357.92000005,0.007003067255657802,114771240.43,-6.745489968562113
2021-11-23,108036286.34000002,0.009407964689021275,114771240.43,-5.868154831094374
2021-11-24,108190525.12000002,0.0014276571809825889,114771240.43,-5.7337668263798385
2021-11-25,108043414.46,-0.0013597369994909903,114771240.43,-5.861944111428663
2021-11-26,107232002.45,-0.007510055231551349,114771240.43,-6.568926110542694
2021-11-29,107656284.78,0.003956676368119139,114771240.43,-6.199249588436295
2021-11-30,108122128.75999998,0.004327141522224576,114771240.43,-5.793360466514597
2021-12-01,110034085.15,0.017683303241688986,114771240.43,-4.127475892263477
2021-12-02,108941528.97,-0.009929252181363757,114771240.43,-5.079418361393073
2021-12-03,108311162.61000001,-0.005786281558188611,114771240.43,-5.628655572421081
2021-12-06,106926585.97,-0.012783323589513174,114771240.43,-6.835035005816225
2021-12-07,106467274.30000003,-0.004295579680518746,114771240.43,-7.235232536381487
2021-12-08,107045811.42999999,0.0054339432826069345,114771240.43,-6.7311540513599555
2021-12-09,107421356.16999997,0.0035082618832364965,114771240.43,-6.403942514224892
2021-12-10,109179349.91000003,0.016365402585477806,114771240.43,-4.872205353056646
2021-12-13,109674367.62999997,0.004533986696275472,114771240.43,-4.440897197681393
2021-12-14,110581856.38999997,0.008274392454776125,114771240.43,-3.650203678468722
2021-12-15,111957400.35000001,0.01243914693517878,114771240.43,-2.451694404850646
2021-12-16,113088330.55,0.010101433192129194,114771240.43,-1.466316712875848
2021-12-17,112586796.57999998,-0.004434887026458223,114771240.43,-1.9033024665550569
2021-12-20,112380689.03000002,-0.0018306547149471442,114771240.43,-2.082883648415401
2021-12-21,116485986.46000001,0.03653027459997227,116485986.46000001,0.0
2021-12-22,116992049.24999999,0.004344409189287024,116992049.24999999,0.0
2021-12-23,115586286.84999998,-0.012015879788514816,116992049.24999999,-1.2015879788514816
2021-12-24,111489171.44,-0.03544637968444253,116992049.24999999,-4.703634003573098
2021-12-27,111143391.95000003,-0.0031014625504329763,116992049.24999999,-4.999192113903373
2021-12-28,111168591.27999996,0.00022672809924006998,116992049.24999999,-4.977652761305085
2021-12-29,112332997.03999999,0.010474233293711999,116992049.24999999,-3.98236652821089
2021-12-30,113774205.9,0.0128297908715711,116992049.24999999,-2.7504803707846692
2021-12-31,114192700.44000004,0.003678290142212548,116992049.24999999,-2.3927684213976175
2022-01-04,117786261.69,0.03146927287080059,117786261.69,0.0
2022-01-05,118261814.42999999,0.0040374211149649675,118261814.42999999,0.0
2022-01-06,119570671.68999995,0.011067454582093239,119570671.68999995,0.0
2022-01-07,117857768.07000001,-0.014325449508562071,119570671.68999995,-1.4325449508562071
2022-01-10,119384765.62,0.012956274117570832,119570671.68999995,-0.15547798416816194
2022-01-11,119547037.42000005,0.001359233727664666,119570671.68999995,-0.019765942321692265
2022-01-12,120957826.55000001,0.011801121637531553,120957826.55000001,0.0
2022-01-13,122117279.16000004,0.009585593946835225,122117279.16000004,0.0
2022-01-14,118869391.35,-0.026596463926653713,122117279.16000004,-2.6596463926653713
2022-01-17,120343519.35000001,0.01240124125528319,122117279.16000004,-1.4525051837062541
2022-01-18,118440519.28999999,-0.015813066380961027,122117279.16000004,-3.0108432609137092
2022-01-19,120613899.78999996,0.018349974426222104,122117279.16000004,-1.2310947151306317
2022-01-20,118228439.25999999,-0.019777658579593904,122117279.16000004,-3.18451240213502
2022-01-21,117132298.28999999,-0.009271381546274493,122117279.16000004,-4.082125727243435
2022-01-24,116134941.26000004,-0.00851479092069607,122117279.16000004,-4.898846372233567
2022-01-25,110208671.22999996,-0.05102917318167399,122117279.16000004,-9.751779610481847
2022-01-26,110562489.52000001,0.0032104396691403636,122117279.16000004,-9.462043143674004
2022-01-27,106724407.70999996,-0.034714140633616664,122117279.16000004,-12.604990510664827
2022-01-28,109374875.63999999,0.024834693270934682,122117279.16000004,-10.434562256586766
2022-02-07,110614431.36999999,0.011333093845792508,122117279.16000004,-9.419508745301176
2022-02-08,115178889.55999999,0.041264581243762866,122117279.16000004,-5.681742704821701
2022-02-09,117080747.47000001,0.016512209114581733,122117279.16000004,-4.124339917040798
2022-02-10,117852622.78,0.006592674941691579,122117279.16000004,-3.4922628552937374
2022-02-11,117763521.0,-0.0007560440989619055,122117279.16000004,-3.5652269604661613
2022-02-14,117522250.21999998,-0.0020487734907316257,122117279.16000004,-3.7627999670542756
2022-02-15,115906333.17000002,-0.013749881805147468,122117279.16000004,-5.086050092765615
2022-02-16,117373816.69000003,0.012660943365774946,122117279.16000004,-3.8843499483681154
2022-02-17,115822481.73000003,-0.013217044514257204,122117279.16000004,-5.154714773617308
2022-02-18,118349130.39999999,0.021814837950804522,122117279.16000004,-3.0856802460059396
2022-02-21,121722501.78999998,0.028503558738442347,122117279.16000004,-0.32327724030177807
2022-02-22,121562425.45000003,-0.0013150924245388662,122117279.16000004,-0.45436134330590905
2022-02-23,122665209.66,0.009071752278038803,122665209.66,0.0
2022-02-24,117247309.03000003,-0.0441681927990597,122665209.66,-4.416819279905971
2022-02-25,117055000.93999995,-0.001640191929273782,122665209.66,-4.5735940414973975
2022-02-28,116369305.23999998,-0.005857893250980739,122665209.66,-5.132591740927051
2022-03-01,117533166.25,0.010001443315311276,122665209.66,-4.183780734753439
2022-03-02,119198935.14,0.014172756024089406,122665209.66,-2.825800835956438
2022-03-03,119885550.78,0.005760249780701221,122665209.66,-2.266053176531946
2022-03-04,117128696.99000001,-0.02299571359570307,122665209.66,-4.513515026262082
2022-03-07,116226979.86999999,-0.007698515762341374,122665209.66,-5.24861923592298
2022-03-08,113526457.96000002,-0.02323489703527104,122665209.66,-7.450157811926061
2022-03-09,113587477.35000004,0.0005374904766386468,122665209.66,-7.400413153135565
2022-03-10,113252726.82000001,-0.0029470724925825253,122665209.66,-7.673310848356474
2022-03-11,114020741.75,0.0067814255035170135,122665209.66,-7.047204283888231
2022-03-14,110868660.22999999,-0.027644808055285353,122665209.66,-9.616866479662288
2022-03-15,105092864.72,-0.05209583572145593,122665209.66,-14.325451355528218
2022-03-16,109290687.95,0.039943941400629956,122665209.66,-10.903272204948022
2022-03-17,110632241.79,0.01227509740458177,122665209.66,-9.80960119283425
2022-03-18,112821499.07000001,0.019788600904929732,122665209.66,-8.024859385382788
2022-03-21,114748374.68,0.01707897542475023,122665209.66,-6.454018219137803
2022-03-22,114887434.77999999,0.0012118698882470635,122665209.66,-6.340652660651081
2022-03-23,113696782.63,-0.010363641178689265,122665209.66,-7.311304529506312
2022-03-24,112589304.01000002,-0.009740632886719447,122665209.66,-8.214151084833333
2022-03-25,112194688.4,-0.003504912064870469,122665209.66,-8.53585241408048
2022-03-28,111828712.49000002,-0.00326197180293597,122665209.66,-8.834205884485314
2022-03-29,110240586.11,-0.014201418800578902,122665209.66,-10.128889507007099
2022-03-30,110489894.74999999,0.002261495958949533,122665209.66,-9.925646353800898
2022-03-31,111391227.08,0.008157599679494698,122665209.66,-9.190855835365962
2022-04-01,110868074.27000001,-0.004696535119630751,122665209.66,-9.61734417011878
2022-04-06,113730193.36999997,0.025815539043546165,122665209.66,-7.2840671896830855
2022-04-07,110197828.88999997,-0.031059161822649117,122665209.66,-10.163746350376579
2022-04-08,110616743.26000004,0.003801475711633362,122665209.66,-9.822236014103403
2022-04-11,107230914.07999998,-0.03060865001279056,122665209.66,-12.582455630883738
2022-04-12,108130355.02000003,0.008387888396894638,122665209.66,-11.849207024785002
2022-04-13,104502052.05,-0.0335548974136719,122665209.66,-14.80709784000217
2022-04-14,105698941.05,0.011453258347762674,122665209.66,-13.83136152216804
2022-04-15,103223230.76999997,-0.023422280823314212,122665209.66,-15.849627570758463
2022-04-18,102904698.76,-0.003085855844889296,122665209.66,-16.10930348936884
2022-04-19,103401222.35000001,0.004825081808538467,122665209.66,-15.704524015729781
2022-04-20,101476560.33999999,-0.018613532473390704,122665209.66,-17.273560595322923
2022-04-21,97224565.10999998,-0.041901254986901226,122665209.66,-20.739902226976724
2022-04-22,96873638.38999996,-0.003609444995747668,122665209.66,-21.02598719024603
2022-04-25,90292600.94000003,-0.06793424464461195,122665209.66,-26.391027097030573
2022-04-26,87890874.4,-0.026599372650655928,122665209.66,-28.34897959770869
2022-04-27,88334455.85,0.00504695684310974,122665209.66,-27.987359989973548
2022-04-28,87341100.90999998,-0.011245384719263174,122665209.66,-28.797169831536095
2022-04-29,90720991.11,0.03869759099421932,122665209.66,-26.041791832046012
2022-05-05,92222465.22999999,0.016550459839878018,122665209.66,-24.81774947793295
2022-05-06,90987636.85000001,-0.013389670043197799,122665209.66,-25.82441500552847
2022-05-09,92252011.17,0.013896111205574213,122665209.66,-24.793662827706775
2022-05-10,92951004.77000003,0.007577001207181633,122665209.66,-24.2238243201646
2022-05-11,92917293.19999999,-0.00036268107142523043,122665209.66,-24.25130690474867
2022-05-12,93171691.30000004,0.0027378983097632315,122665209.66,-24.043914685956402
2022-05-13,94031258.06,0.009225621516650184,122665209.66,-23.34317259096266
2022-05-16,94509419.55000001,0.005085133389312935,122665209.66,-22.953362398386158
2022-05-17,93979081.02999997,-0.0056114884899856055,122665209.66,-23.3857087184797
2022-05-18,94294846.12999997,0.0033599509224737645,122665209.66,-23.128288459813675
2022-05-19,94614129.46999998,0.003386010509628834,122665209.66,-22.86800003664544
2022-05-20,95805322.00000001,0.012590006764029216,122665209.66,-21.896907635383712
2022-05-23,96598425.22000001,0.008278279363227892,122665209.66,-21.250348417657438
2022-05-24,93984703.73000002,-0.027057599376463126,122665209.66,-23.38112494120852
2022-05-25,95826364.16000001,0.01959532090765248,122665209.66,-21.879753496848164
2022-05-26,95927387.2,0.0010542301263909426,122665209.66,-21.79739677950345
2022-05-27,95318259.51999998,-0.006349882945628882,122665209.66,-22.293974155997066
2022-05-30,94980318.94000003,-0.0035453918451904265,122665209.66,-22.569472466346554
2022-05-31,96138962.53000002,0.012198775524558059,122665209.66,-21.624914842215404
2022-06-01,96772425.6,0.006589035842802016,122665209.66,-21.108498596928094
2022-06-02,96077061.46999998,-0.007185560614903164,122665209.66,-21.67537826226059
2022-06-06,97148051.94,0.011147202606049955,122665209.66,-20.802277834707773
2022-06-07,96699150.55999999,-0.00462079651661218,122665209.66,-21.168234393412778
2022-06-08,97052958.24,0.0036588499273371156,122665209.66,-20.87980079355126
2022-06-09,94708060.50000003,-0.024161012528864156,122665209.66,-22.7914249178645
2022-06-10,96405290.49,0.01792064984796049,122665209.66,-21.40779707855758
2022-06-13,97114510.67000002,0.007356652071637049,122665209.66,-20.82962158612103
2022-06-14,97674100.42000002,0.005762164131182246,122665209.66,-20.373428871372447
2022-06-15,96037234.60999995,-0.0167584426471451,122665209.66,-21.70784619682037
2022-06-16,96791845.21999998,0.007857479581377502,122665209.66,-21.092667196929828
2022-06-17,98300358.72000001,0.015585130096149147,122665209.66,-19.862886149653836
2022-06-20,99652909.81,0.013759370846780028,122665209.66,-18.76024988159629
2022-06-21,98932590.24000001,-0.007228284365939364,122665209.66,-19.347473897269975
2022-06-22,99047473.90999997,0.0011612318015858936,122665209.66,-19.253817619081246
2022-06-23,101791197.02000001,0.027701091221095986,122665209.66,-17.017060255192153
2022-06-24,102949160.13000001,0.011375866910892984,122665209.66,-16.073057376780575
2022-06-27,103368010.95000003,0.004068521000764935,122665209.66,-15.73159884818801
2022-06-28,105363710.96,0.019306746755195725,122665209.66,-14.104650167684717
2022-06-29,102554481.25,-0.026662213056129702,122665209.66,-16.394810285444706
2022-06-30,102070286.79,-0.004721338883472703,122665209.66,-16.789538718504147
2022-07-01,101414215.13,-0.006427645896105116,122665209.66,-17.324386098473166
2022-07-04,101951858.47999999,0.005301459458230795,122665209.66,-16.88608468318987
2022-07-05,101730053.14999996,-0.002175588883880364,122665209.66,-17.0669063934489
2022-07-06,102050234.54999997,0.0031473629481733045,122665209.66,-16.80588584745426
2022-07-07,103936194.27999999,0.01848069961148391,122665209.66,-15.268400414357563
2022-07-08,102969779.79,-0.009298151589007597,122665209.66,-16.056247671683956
2022-07-11,101950717.88999997,-0.00989670854961855,122665209.66,-16.88701452303867
2022-07-12,101012718.41,-0.009200518636975463,122665209.66,-17.651697094894114
2022-07-13,102779063.32000004,0.017486361497872416,122665209.66,-16.211724901559155
2022-07-14,102206070.10000002,-0.0055749994355952515,122665209.66,-16.678844487942456
2022-07-15,99742105.13000001,-0.024107814414439654,122665209.66,-18.68753544182381
2022-07-18,103387692.69,0.03655013652708128,122665209.66,-15.715553760869017
2022-07-19,105029901.60000001,0.015883988386548475,122665209.66,-14.376780595639993
2022-07-20,107744292.94999999,0.025843986413865094,122665209.66,-12.163935276642324
2022-07-21,109055612.05,0.012170659476214984,122665209.66,-11.094912443163551
2022-07-22,110096926.57000001,0.009548472567579402,122665209.66,-10.246004653508855
2022-07-25,108522050.06,-0.014304454802366307,122665209.66,-11.529886623274532
2022-07-26,110447354.91000003,0.017741139694058106,122665209.66,-9.960325983108886
2022-07-27,111252168.30000001,0.00728685074129487,122665209.66,-9.304220317752954
2022-07-28,112381366.58,0.010149899073921942,122665209.66,-8.383667307547482
2022-07-29,111434497.73,-0.008425496848945668,122665209.66,-9.155580429959699
2022-08-01,112455646.50999998,0.009163668350479437,122665209.66,-8.323112297528045
2022-08-02,107533682.30999999,-0.04376804858404604,122665209.66,-12.335630772523976
2022-08-03,107217105.21000001,-0.0029439808365098186,122665209.66,-12.593712995574391
2022-08-04,109693172.30999999,0.02309395590517238,122665209.66,-10.57515605765933
2022-08-05,108420738.08999997,-0.011599940025474265,122665209.66,-11.612478884177879
2022-08-08,109764682.42999999,0.012395639097055433,122665209.66,-10.516859071742779
2022-08-09,109383991.99,-0.0034682416199106614,122665209.66,-10.827208225390484
2022-08-10,109895369.39999998,0.004675066256923044,122665209.66,-10.410319515529388
2022-08-11,109885377.38999999,-9.092293928802953e-05,122665209.66,-10.418465272608913
2022-08-12,109679702.08000001,-0.0018717259282825527,122665209.66,-10.586137353853509
2022-08-15,111042511.38999997,0.012425355687107231,122665209.66,-9.475138307116982
2022-08-16,113470499.97,0.021865396861140196,122665209.66,-7.495776280402278
2022-08-17,114405880.61000004,0.008243381674068129,122665209.66,-6.7332286578182465
2022-08-18,113927127.6,-0.004184688824100613,122665209.66,-7.123521073513817
2022-08-19,113546998.11000004,-0.003336602071936645,122665209.66,-7.43341292553411
2022-08-22,114430114.49000002,0.007777540531229699,122665209.66,-6.713472542724852
2022-08-23,115122996.65,0.006055068310366174,122665209.66,-6.148616246534189
2022-08-24,112566778.94000001,-0.02220423185969933,122665209.66,-8.232514131749769
2022-08-25,112304626.41999997,-0.002328862231545048,122665209.66,-8.446227963672182
2022-08-26,111061889.20999998,-0.011065770392685081,122665209.66,-9.45934098361041
2022-08-29,111644882.59000002,0.005249265829592398,122665209.66,-8.98406899604689
2022-08-30,111835202.94,0.0017046938971569947,122665209.66,-8.828914693920398
2022-08-31,108614865.22000001,-0.02879538495340961,122665209.66,-11.454221191929104
2022-09-01,107151134.92999998,-0.013476334818767643,122665209.66,-12.647493753935201
2022-09-02,109241826.2,0.019511611065677004,122665209.66,-10.943105626449878
2022-09-05,109381630.38000003,0.0012797678770406495,122665209.66,-10.8291334738016
2022-09-06,110666081.77000003,0.011742843707281736,122665209.66,-9.782013924941568
2022-09-07,110862416.14000002,0.0017741151295844748,122665209.66,-9.62195683088517
2022-09-08,110641499.63000001,-0.00199270877987201,122665209.66,-9.802053951015921
2022-09-09,111104767.47999996,0.004187107473680118,122665209.66,-9.424385457003615
2022-09-13,111504389.95,0.0035968075813845868,122665209.66,-9.098602399926792
2022-09-14,110981086.12000002,-0.004693123115911746,122665209.66,-9.525213850272385
2022-09-15,109273622.41000004,-0.015385177508118408,122665209.66,-10.917184495194999
2022-09-16,106204555.75999998,-0.02808607038288502,122665209.66,-13.419170721368513
2022-09-19,104312599.95000003,-0.017814262264562064,122665209.66,-14.961544321221332
2022-09-20,105891716.77,0.015138313307854201,122665209.66,-13.674205535939898
2022-09-21,106373910.8,0.004553652020274024,122665209.66,-13.28110790757686
2022-09-22,105646561.97999999,-0.00683766173989353,122665209.66,-13.874062358163187
2022-09-23,103739222.88000001,-0.018053962800616774,122665209.66,-15.428976832517149
2022-09-26,100816330.85000001,-0.02817538004290865,122665209.66,-17.811797550878605
2022-09-27,102743150.61999997,0.01911217908601337,122665209.66,-16.24100190691349
2022-09-28,101088785.27,-0.01610195268508674,122665209.66,-17.589685331158634
2022-09-29,99427915.28,-0.01642981449983738,122665209.66,-18.94367151404093
2022-09-30,99384051.96999997,-0.00044115689116586143,122665209.66,-18.97943007192511
2022-10-10,98760740.58999999,-0.006271744486611719,122665209.66,-19.48757038467366
2022-10-11,98504139.82000001,-0.002598206215010501,122665209.66,-19.6967582796858
2022-10-12,100058511.98000002,0.015779764818416364,122665209.66,-18.429592011182795
2022-10-13,99635415.21999998,-0.004228493424773383,122665209.66,-18.77451194501958
2022-10-14,101239468.93,0.01609923245121414,122665209.66,-17.46684393185913
2022-10-17,102545342.34000003,0.012898856777912915,122665209.66,-16.40226057230706
2022-10-18,102380753.11000001,-0.001605038573612716,122665209.66,-16.536438168755318
2022-10-19,101052307.63,-0.012975539245865031,122665209.66,-17.61942289089632
2022-10-20,101107727.16,0.0005484241903996878,122665209.66,-17.574243389590606
2022-10-21,101205048.47000001,0.0009625506648567317,122665209.66,-17.494904422763923
2022-10-24,98793042.57,-0.0238328614675285,122665209.66,-19.461236936021397
2022-10-25,97880217.65,-0.009239769281862209,122665209.66,-20.205396524979125
2022-10-26,98741865.86,0.008803088414464755,122665209.66,-19.502957575591363
2022-10-27,98535368.94000001,-0.0020912803115626932,122665209.66,-19.67129945555256
2022-10-28,95191744.58,-0.03393324037824441,122665209.66,-22.3971125603993
2022-10-31,94560848.36999997,-0.006627635755428463,122665209.66,-22.911436231918493
2022-11-01,96072534.63,0.01598638639624994,122665209.66,-21.67906866478999
2022-11-02,97187896.61999996,0.011609582221344672,122665209.66,-20.769795372801582
2022-11-03,96402853.7,-0.008077579074166397,122665209.66,-21.409783615740164
2022-11-04,97946326.16999997,0.016010651249009245,122665209.66,-20.151503069627598
2022-11-07,99233719.77,0.013143868181084928,122665209.66,-19.101984951517014
2022-11-08,100112586.02000003,0.008856528325623891,122665209.66,-18.385509389753384
2022-11-09,101111304.57000002,0.009975953970467577,122665209.66,-17.5713269881024
2022-11-10,102337025.87999998,0.012122495256219112,122665209.66,-16.572085790539226
2022-11-11,102545935.77000001,0.002041391062556297,122665209.66,-16.401776792104318
2022-11-14,102411710.67999998,-0.001308926472728178,122665209.66,-16.51120071953417
2022-11-15,103818897.77000003,0.013740490034357622,122665209.66,-15.364023705040452
2022-11-16,104351069.59,0.005125962916490812,122665209.66,-14.930182829151484
2022-11-17,105477891.48000003,0.010798374127139798,122665209.66,-14.011567116413282
2022-11-18,105257058.19000001,-0.0020936452833995034,122665209.66,-14.191596393346906
2022-11-21,104654901.55,-0.0057208195854482335,122665209.66,-14.6824907892959
2022-11-22,103876995.18999998,-0.007433061887009318,122665209.66,-15.31666111530454
2022-11-23,102321156.10000002,-0.014977705960344645,122665209.66,-16.585023264859732
2022-11-24,102486334.26999998,0.0016143110212567535,122665209.66,-16.450365548578326
2022-11-25,102830759.46999997,0.0033606939154697812,122665209.66,-16.16958080043771
2022-11-28,102884614.16999999,0.0005237216984255166,122665209.66,-16.125676990914794
2022-11-29,107671791.72999999,0.04652957683342218,122665209.66,-12.223040234112304
2022-11-30,108399003.85000002,0.006753970639065798,122665209.66,-11.630197225067029
2022-12-01,108703254.29,0.0028067641693552137,122665209.66,-11.382164028985354
2022-12-02,108180159.88999997,-0.004812131922053764,122665209.66,-11.808604746324802
2022-12-05,110213698.29000004,0.018797701926747123,122665209.66,-10.150809185842268
2022-12-06,109472434.92,-0.00672569182870153,122665209.66,-10.755107154316502
2022-12-07,108765478.13,-0.006457852065834047,122665209.66,-11.331437469945138
2022-12-08,108802620.59000005,0.00034149125842719563,122665209.66,-11.301157930943816
2022-12-09,109524120.55000001,0.006631273732999432,122665209.66,-10.712971629383826
2022-12-12,107185159.86999995,-0.021355667301909853,122665209.66,-12.619755701642887
2022-12-13,108746733.16999996,0.014568931948172326,122665209.66,-11.34671886884544
2022-12-14,107912817.79,-0.0076684177601575865,122665209.66,-12.026549264367837
2022-12-15,107378394.10000001,-0.004952365260631031,122665209.66,-12.462225925648806
2022-12-16,107363543.41000001,-0.00013830240361167867,122665209.66,-12.474332610210116
2022-12-19,105543790.44999997,-0.01694944952637012,122665209.66,-13.95784449189521
2022-12-20,103722019.58,-0.0172608057966519,122665209.66,-15.443001428445935
2022-12-21,103561648.6,-0.0015461613710318067,122665209.66,-15.573740193287666
2022-12-22,102748460.52,-0.007852212580555573,122665209.66,-16.236673132671186
2022-12-23,102350123.86000001,-0.003876813900510423,122665209.66,-16.56140796262344
2022-12-26,102388256.14999998,0.0003725671114196416,122665209.66,-16.530321487407164
2022-12-27,102555861.80000003,0.001636961662424552,122665209.66,-16.393684823707144
2022-12-28,101408462.36000003,-0.011188043470763298,122665209.66,-17.32907591232985
2022-12-29,100807122.66999996,-0.005929876817038382,122665209.66,-17.81930430852047
2022-12-30,101704155.73,0.008898508718838904,122665209.66,-17.088018671389595
2023-01-03,103358860.54999998,0.01626978571448756,122665209.66,-15.739058502009506
2023-01-04,103982933.61999999,0.006037925212015294,122665209.66,-15.230297238950651
2023-01-05,103549694.59000002,-0.004166443616442139,122665209.66,-15.583485425887122
2023-01-06,102074516.33,-0.014246089916932325,122665209.66,-16.786090682983957
2023-01-09,102248130.40000002,0.001700856161186648,122665209.66,-16.64455579262569
2023-01-10,101329985.31999998,-0.008979578173294867,122665209.66,-17.39305252005552
2023-01-11,100764117.36,-0.005584407796102697,122665209.66,-17.85436340157477
2023-01-12,100280606.26000002,-0.004798445246858463,122665209.66,-18.24853474106064
2023-01-13,100638514.79,0.0035690702654114226,122665209.66,-17.95675801725116
2023-01-16,102179849.36999996,0.015315553724299491,122665209.66,-16.700220336948668
2023-01-17,101560732.78,-0.0060590869316913265,122665209.66,-17.204940943317826
2023-01-18,102304081.99,0.007319258040509036,122665209.66,-16.598942541602803
2023-01-19,102206976.96999998,-0.0009491803074828109,122665209.66,-16.678105182965542
2023-01-20,103286390.83999999,0.010561058569581228,122665209.66,-15.798137771674359
2023-01-30,104280712.79,0.009626843787583939,122665209.66,-14.987539597378607
2023-01-31,105065078.26,0.007521673462086431,122665209.66,-14.348103630021535
2023-02-01,106808596.52999999,0.016594650657237198,122665209.66,-12.92674033163187
2023-02-02,106174612.64999998,-0.005935700876117611,122665209.66,-13.443581155331819
2023-02-03,106419579.85999997,0.0023072107718209445,122665209.66,-13.243877253403157
2023-02-06,105699628.26999997,-0.006765217368337018,122665209.66,-13.830801281818006
2023-02-07,106919629.84999998,0.01154215582370477,122665209.66,-12.83622296300897
2023-02-08,106380383.56999996,-0.005043473127961051,122665209.66,-13.275831130226623
2023-02-09,107928928.54000004,0.014556677820033448,122665209.66,-12.013415344779155
2023-02-10,107769453.52000001,-0.001477592913756376,122665209.66,-12.143423698771338
2023-02-13,108145690.99,0.00349113276268187,122665209.66,-11.836704726829062
2023-02-14,108080563.37999998,-0.0006022210353812119,122665209.66,-11.889798517791094
2023-02-15,108925521.64,0.007817855806591556,122665209.66,-11.20096566751345
2023-02-16,106318118.95999998,-0.023937481691549856,122665209.66,-13.326590926074665
2023-02-17,105724396.12,-0.005584399402545404,122665209.66,-13.810609859923662
2023-02-20,106674276.01,0.00898449104331478,122665209.66,-13.03624205618139
2023-02-21,107505931.22000003,0.007796211430786348,122665209.66,-12.358254212435648
2023-02-22,107512841.22,6.427552342036513e-05,122665209.66,-12.352620993351671
2023-02-23,107687061.53999999,0.001620460570319171,122665209.66,-12.21059187157958
2023-02-24,107065567.63,-0.005771296023052375,122665209.66,-12.717250533577252
2023-02-27,106051811.18000002,-0.009468557188276772,122665209.66,-13.543692238450111
2023-02-28,106789971.73,0.00696037664785476,122665209.66,-12.941923772846863
2023-03-01,108516123.53000002,0.01616398779807038,122665209.66,-11.534718090987672
2023-03-02,108847812.5,0.003056586977218112,122665209.66,-11.264316262368668
2023-03-03,109025281.26999998,0.0016304302854039943,122665209.66,-11.119638916206798
2023-03-06,108417258.75000001,-0.005576894761630591,122665209.66,-11.615315336346832
2023-03-07,106061534.23,-0.02172831657210672,122665209.66,-13.535765744844518
2023-03-08,107824148.1,0.016618785338119668,122665209.66,-12.098835196333212
2023-03-09,107725498.33999997,-0.0009149134191027697,122665209.66,-12.179257151566848
2023-03-10,106255356.27000001,-0.01364711319654277,122665209.66,-13.377756770223892
2023-03-13,106716778.7,0.004342580423216447,122665209.66,-13.001592712559173
2023-03-14,105563401.78000002,-0.010807831102570442,122665209.66,-13.941856804714469
2023-03-15,106507028.46999997,0.008938956817311716,122665209.66,-13.172586778913775
2023-03-16,104612763.35,-0.017785353203554455,122665209.66,-14.716842990801771
2023-03-17,106195707.43000002,0.015131462254792227,122665209.66,-13.426384119547574
2023-03-20,105176193.66999999,-0.009600329285174292,122665209.66,-14.257519339408109
2023-03-21,106362965.46,0.011283654110203045,122665209.66,-13.290030845083223
2023-03-22,108289579.70999998,0.01811358156166243,122665209.66,-11.719402746586404
2023-03-23,108450502.78,0.0014860439058954622,122665209.66,-11.588213903029166
2023-03-24,109735430.77,0.011848059317959736,122665209.66,-10.540705816945495
2023-03-27,109989828.24,0.002318280141745621,122665209.66,-10.333314111746327
2023-03-28,108486596.89999998,-0.013667003249790866,122665209.66,-11.55878899917907
2023-03-29,107380338.07999997,-0.010197193493125534,122665209.66,-12.460641140520778
2023-03-30,106162609.62,-0.011340329913030578,122665209.66,-13.453366350362451
2023-03-31,107950755.79,0.016843464722660073,122665209.66,-11.995621179619798
2023-04-03,109358997.49999999,0.01304522325660673,122665209.66,-10.847584410348944
2023-04-04,109433150.14000003,0.0006780662011833805,122665209.66,-10.78713317058375
2023-04-06,107911428.49000002,-0.01390549068589575,122665209.66,-12.027681859342266
2023-04-07,109105290.49999997,0.011063350997253973,122665209.66,-11.05441322571007
2023-04-10,106288874.23999996,-0.02581374603461606,122665209.66,-13.350432013601498
2023-04-11,108283548.35,0.01876653717769239,122665209.66,-11.724319674553762
2023-04-12,111171874.78000002,0.026673732750835066,122665209.66,-9.369677769154661
2023-04-13,112419942.29,0.01122646813746564,122665209.66,-8.352219344341838
2023-04-14,112816114.85000001,0.003524041659601851,122665209.66,-8.029248747301242
2023-04-17,111827567.46999997,-0.008762466083098275,122665209.66,-8.835139335790076
2023-04-18,110649937.89999998,-0.01053076264326247,122665209.66,-9.795174844850973
2023-04-19,111596122.69,0.008551155183251336,122665209.66,-9.023819386671239
2023-04-20,112057643.88999996,0.0041356383078110515,122665209.66,-8.647574809028402
2023-04-21,108513400.10000001,-0.031628755227792515,122665209.66,-11.536938304858879
2023-04-24,109652620.5,0.010498430598895103,122665209.66,-10.608214991086651
2023-04-25,108218099.61999999,-0.01308241311022762,122665209.66,-11.77767525123391
2023-04-26,108632454.0,0.0038288824277545874,122665209.66,-11.439882342267705
2023-04-27,108530114.63999999,-0.0009420698532688343,122665209.66,-11.52331215931499
2023-04-28,110005954.89999999,0.01359844007255906,122665209.66,-10.320167221894927
2023-05-04,112361896.75999998,0.02141649388109612,122665209.66,-8.399539631944918
2023-05-05,112329856.95999996,-0.0002851482657724169,122665209.66,-8.425659344362824
2023-05-08,113858936.95999998,0.013612409393029878,122665209.66,-7.179111929461501
2023-05-09,112535480.7,-0.011623648484131888,122665209.66,-8.25802930437839
2023-05-10,111336622.49,-0.01065315758676999,122665209.66,-9.235370975519675
2023-05-11,111997788.87,0.005938444738247783,122665209.66,-8.696370241870255
2023-05-12,111105747.75,-0.007964810100272834,122665209.66,-9.423586314359378
2023-05-15,111345271.79000002,0.002155820421990917,122665209.66,-9.228319831985177
2023-05-16,109694672.35000001,-0.0148241538546251,122665209.66,-10.573933184438655
2023-05-17,110802797.57,0.010101905555306434,122665209.66,-9.670559503285325
2023-05-18,111027851.69999999,0.002031123175006533,122665209.66,-9.487089283307071
2023-05-19,110039371.14999999,-0.008902996274042119,122665209.66,-10.292925390170494
2023-05-22,111003507.85000001,0.008761743091804552,122665209.66,-9.506935048921827
2023-05-23,110236059.69999999,-0.006913728807895647,122665209.66,-10.132579558988875
2023-05-24,110343222.41000001,0.0009721202870609513,122665209.66,-10.045217616432344
2023-05-25,111058393.94000003,0.006481336274036575,122665209.66,-9.462190422346662
2023-05-26,111321121.21000001,0.002365667831842888,122665209.66,-9.248008038663302
2023-05-29,111679139.21000001,0.0032160833102339303,122665209.66,-8.956142071945973
2023-05-30,111216464.42999998,-0.004142893500728273,122665209.66,-9.33332707923733
2023-05-31,110330444.36000001,-0.007966626834803092,122665209.66,-10.055634628750187
2023-06-01,110212574.66000001,-0.001068333411360145,122665209.66,-10.151725199439888
2023-06-02,111175224.64999999,0.008734484181770474,122665209.66,-9.366946864435011
2023-06-05,111759528.24999997,0.005255699746409048,122665209.66,-8.890606750054141
2023-06-06,109766389.59,-0.01783417209440452,122665209.66,-10.515467348690455
2023-06-07,110350278.22000003,0.005319375376934277,122665209.66,-10.03946552908861
2023-06-08,110238655.03,-0.0010115351932098449,122665209.66,-10.1304637757059
2023-06-09,110078428.57000001,-0.0014534507878056768,122665209.66,-10.261084723930836
2023-06-12,111340390.23999998,0.01146420498905898,122665209.66,-9.232299403710176
2023-06-13,111331826.05999996,-7.691889692107434e-05,122665209.66,-9.239281155116108
2023-06-14,112137377.48000003,0.007235589754594818,122665209.66,-8.582573827722396
2023-06-15,112418768.10999998,0.002509338423311469,122665209.66,-8.353176567668052
2023-06-16,112086996.39,-0.002951212912023271,122665209.66,-8.623645856327478
2023-06-19,111483015.28000002,-0.005388502943717621,122665209.66,-9.11602760961684
2023-06-20,111171452.59000002,-0.0027947099315306367,122665209.66,-9.370021949873198
2023-06-21,110252539.83000003,-0.008265725944851532,122665209.66,-10.119144510823453
2023-06-26,109784042.45999998,-0.00424931136028639,122665209.66,-10.501076251125873
2023-06-27,112326493.28000003,0.023158655511582138,122665209.66,-8.428401507368333
2023-06-28,113096211.68000002,0.006852509835602927,122665209.66,-7.800906228035687
2023-06-29,112384588.01000002,-0.006292197231269836,122665209.66,-8.381041110593223
2023-06-30,114069150.3,0.014989264273941982,122665209.66,-7.007740323296485
2023-07-03,116120169.08999999,0.017980486262989093,122665209.66,-5.335694275615199
2023-07-04,116667864.71999998,0.004716627906177884,122665209.66,-4.889197969516612
2023-07-05,117211625.4,0.004660757967114959,122665209.66,-4.445909541194348
2023-07-06,117822715.55999999,0.005213562715426612,122665209.66,-3.94773229787182
2023-07-07,117483859.25999999,-0.0028759844686098157,122665209.66,-4.223977127957901
2023-07-10,116879912.22000001,-0.005140680973574452,122665209.66,-4.716331106460836
2023-07-11,117552390.11999999,0.00575357978310409,122665209.66,-4.168108915454982
2023-07-12,115985634.29000002,-0.01332814950338812,122665209.66,-5.44537068702221
2023-07-13,115358723.60000001,-0.005405071876682044,122665209.66,-5.95644525473189
2023-07-14,115392365.1,0.0002916251060183228,122665209.66,-5.929019793108958
2023-07-17,116456158.26000004,0.009218921538510338,122665209.66,-5.061786807530866
2023-07-18,116801547.42999998,0.002965830018442084,122665209.66,-4.780216204947396
2023-07-19,117406091.33999999,0.005175821068315267,122665209.66,-4.287375641860547
2023-07-20,117185037.13999999,-0.0018828171304999808,122665209.66,-4.467585010607166
2023-07-21,117971740.87000002,0.006713346253072849,122665209.66,-3.8262428303911133
2023-07-24,117882785.28,-0.0007540415131963574,122665209.66,-3.898761835777065
2023-07-25,120434172.97000003,0.021643428970055778,122665209.66,-1.818801513635282
2023-07-26,121433030.96,0.00829380868708074,122665209.66,-1.0045054367210704
2023-07-27,119918154.39999999,-0.012474995872408079,122665209.66,-2.2394738227849764
2023-07-28,121518617.10000004,0.0133462919606111,122665209.66,-0.934733298200896
2023-07-31,124898500.42,0.02781370789644999,124898500.42,0.0
2023-08-01,126021619.30000004,0.008992252718994065,126021619.30000004,0.0
2023-08-02,126345132.34000002,0.002567123338019117,126345132.34000002,0.0
2023-08-03,126909634.41000004,0.004467936829421593,126909634.41000004,0.0
2023-08-04,126228857.36999997,-0.005364266024127984,126909634.41000004,-0.5364266024127984
2023-08-07,125075404.72000001,-0.009137788886252718,126909634.41000004,-1.445303737992254
2023-08-08,125650395.68,0.004597154502815393,126909634.41000004,-0.9922325722977687
2023-08-09,124719550.05999997,-0.007408218772113284,126909634.41000004,-1.7257037735406877
2023-08-10,125455959.06,0.00590451937683989,126909634.41000004,-1.1454412872262565
2023-08-11,123322903.92999998,-0.017002421774001797,126909634.41000004,-2.826208188743662
2023-08-14,123678572.11999997,0.0028840400174316994,126909634.41000004,-2.5459550845144285
2023-08-15,122707288.02000001,-0.00785329328557871,126909634.41000004,-3.3112902811016975
2023-08-16,122115611.36,-0.004821854264300707,126909634.41000004,-3.7775091483695067
2023-08-17,123531923.58,0.011598125777912749,126909634.41000004,-2.6615085968082264
2023-08-18,122612730.60999997,-0.0074409346455676095,126909634.41000004,-3.3857979498375212
2023-08-21,122557316.09000002,-0.00045194752391752857,126909634.41000004,-3.429462499229352
2023-08-22,122467967.75,-0.000729033099373777,126909634.41000004,-3.4998656174917264
2023-08-23,119924711.35000001,-0.0207667069742814,126909634.41000004,-5.503855631192057
2023-08-24,118185119.95000002,-0.01450569595221285,126909634.41000004,-6.874587970062396
2023-08-25,116678376.94999997,-0.012749007663887757,126909634.41000004,-8.061844561734766
2023-08-28,116874056.05999999,0.0016770811791790852,126909634.41000004,-7.9076568116008055
2023-08-29,119920276.73000002,0.026064130677865727,126909634.41000004,-5.507349944307527
2023-08-30,119608355.02000003,-0.0026010756354597486,126909634.41000004,-5.753132474097411
2023-08-31,119036747.81000002,-0.004778990647471337,126909634.41000004,-6.203537372557166
2023-09-01,119296271.49,0.0021801980041844526,126909634.41000004,-5.9990425119372475
2023-09-04,120862372.50000004,0.01312782864409412,126909634.41000004,-4.765014049653182
2023-09-05,119227135.70999995,-0.013529742600411843,126909634.41000004,-6.053518896115218
2023-09-06,119281386.36999996,0.00045501940205938674,126909634.41000004,-6.010771424457751
2023-09-07,117976668.24999997,-0.010938153551911856,126909634.41000004,-7.038840038842775
2023-09-08,118498915.92999998,0.004426703073978411,126909634.41000004,-6.627328586282122
2023-09-11,119722810.01000005,0.010328314570599684,126909634.41000004,-5.662946263624013
2023-09-12,120492334.47,0.006427550939839044,126909634.41000004,-5.056590045219123
2023-09-13,119758526.86,-0.006090077125883053,126909634.41000004,-5.634802734438072
2023-09-14,119417141.52000001,-0.0028506140560585758,126909634.41000004,-5.903801492166028
2023-09-15,120934847.81000003,0.012709283363191437,126909634.41000004,-4.707906241930848
2023-09-18,121615743.05,0.00563026499251662,126909634.41000004,-4.17138650238118
2023-09-19,122386737.55999999,0.00633959461714606,126909634.41000004,-3.5638719400831076
2023-09-20,122144574.58999999,-0.001978670032619201,126909634.41000004,-3.754687216737096
2023-09-21,121602205.34999996,-0.004440387481970287,126909634.41000004,-4.182053698818211
2023-09-22,121245957.37999995,-0.0029296176740762903,126909634.41000004,-4.462763647795843
2023-09-25,120727872.78999999,-0.004273005065036695,126909634.41000004,-4.870994742628421
2023-09-26,120302226.56,-0.003525666610065925,126909634.41000004,-5.206387900113119
2023-09-27,119870612.74999999,-0.003587745816032384,126909634.41000004,-5.546483285311088
2023-09-28,121330603.71999997,0.012179723924869768,126909634.41000004,-4.396065527993098
2023-10-09,120771300.10000001,-0.004609748924440327,126909634.41000004,-4.836775662097681
2023-10-10,121643770.34000002,0.007224152089756464,126909634.41000004,-4.149302056129079
2023-10-11,121288650.72000001,-0.0029193407850433006,126909634.41000004,-4.429122907911487
2023-10-12,122356815.60000002,0.00880679992447031,126909634.41000004,-3.587449314755309
2023-10-13,122606578.61000001,0.0020412676545660258,126909634.41000004,-3.3906454935473063
2023-10-16,121823276.85999998,-0.006388741606530246,126909634.41000004,-4.007857696262707
2023-10-17,120823177.12999998,-0.008209430543797636,126909634.41000004,-4.795898521255582
2023-10-18,118168831.86000001,-0.021968841848480913,126909634.41000004,-6.887422369968855
2023-10-19,116494847.41000001,-0.014166040432584182,126909634.41000004,-8.206458909458004
2023-10-20,115772171.22999999,-0.0062035033829143105,126909634.41000004,-8.77590045214287
2023-10-23,112824883.97999997,-0.02545764857553512,126909634.41000004,-11.09825152005184
2023-10-24,115260022.41999997,0.021583345394192266,126909634.41000004,-9.179454376461527
2023-10-25,117557197.14,0.01993036849870866,126909634.41000004,-7.369367434930618
2023-10-26,117878618.02999999,0.002734165987448689,126909634.41000004,-7.116099909975349
2023-10-27,118318875.26999998,0.0037348354379922455,126909634.41000004,-6.769193828300191
2023-10-30,119219935.93999998,0.00761552768266105,126909634.41000004,-6.05919204302281
2023-10-31,119080954.03,-0.0011657606498792772,126909634.41000004,-6.168704540356917
2023-11-01,119323744.17000003,0.002038866265203554,126909634.41000004,-5.977395077423897
2023-11-02,119259164.13,-0.0005412170096509294,126909634.41000004,-6.028281710499684
2023-11-03,120345524.18999998,0.009109237582914709,126909634.41000004,-5.172271002525896
2023-11-06,123721080.82,0.028048875541650586,126909634.41000004,-2.5124598339783755
2023-11-07,125111820.54999997,0.011240927744749829,126909634.41000004,-1.416609438958727
2023-11-08,125844458.61000006,0.005855866030718415,126909634.41000004,-0.8393183109792757
2023-11-09,122863557.91,-0.023687182836060083,126909634.41000004,-3.188155508295454
2023-11-10,122750034.23999996,-0.0009239816258876932,126909634.41000004,-3.277607873774091
2023-11-13,124062201.99999997,0.010689754737130741,126909634.41000004,-2.2436692243561485
2023-11-14,125204611.61999997,0.009208361624921002,126909634.41000004,-1.343493579448618
2023-11-15,125341893.64999999,0.001096461449971775,126909634.41000004,-1.2353205233695985
2023-11-16,126057646.92,0.005710407343921586,126909634.41000004,-0.6713339723661726
2023-11-17,127991886.95,0.01534409119367064,127991886.95,0.0
2023-11-20,129683146.81000002,0.013213805189548511,129683146.81000002,0.0
2023-11-21,130020305.47999993,0.0025998649654443984,130020305.47999993,0.0
2023-11-22,127501155.74999999,-0.019375048541071527,130020305.47999993,-1.9375048541071527
2023-11-23,127962094.62000003,0.0036151740530403487,130020305.47999993,-1.5829918660793307
2023-11-24,127572230.65000002,-0.0030467145068058255,130020305.47999993,-1.8828403924773696
2023-11-27,126193880.76000004,-0.010804466481279529,130020305.47999993,-2.9429439546951985
2023-11-28,126318115.60000002,0.0009844759448855989,130020305.47999993,-2.8473936177371817
2023-11-29,124386691.57,-0.015290158666680043,130020305.47999993,-4.33287238420349
2023-11-30,124123757.25999999,-0.002113845996555286,130020305.47999993,-4.53509795891609
2023-12-01,127361404.20000002,0.026084023006314405,130020305.47999993,-2.044989257780905
2023-12-04,127442467.41000001,0.0006364817544937118,130020305.47999993,-1.982642680682245
2023-12-05,125305086.03000002,-0.016771343363305657,130020305.47999993,-3.626525435848338
2023-12-06,127210389.60999995,0.015205317201121282,130020305.47999993,-2.161136185326229
2023-12-07,126331197.95,-0.006911319607583732,130020305.47999993,-2.8373318431922923
2023-12-08,123586597.33,-0.021725438090805405,130020305.47999993,-4.948233374970479
2023-12-11,124672965.01,0.008790335711721164,130020305.47999993,-4.112696436344299
2023-12-12,125752877.57000002,0.008661962598815132,130020305.47999993,-3.282124199174674
2023-12-13,124371946.37999998,-0.010981308870895212,130020305.47999993,-4.344213066680414
2023-12-14,124712727.18999997,0.0027400134830950496,130020305.47999993,-4.0821149207470375
2023-12-15,125161579.38999999,0.0035990889631993817,130020305.47999993,-3.7368979191848783
2023-12-18,123022050.63999996,-0.01709413352266287,130020305.47999993,-5.3824322394600665
2023-12-19,124376277.87000005,0.01100800403630875,130020305.47999993,-4.340881671646324
2023-12-20,122667373.99000002,-0.013739789526313051,130020305.47999993,-5.65521782375058
2023-12-21,124164104.88000003,0.012201540159505031,130020305.47999993,-4.504066175187327
2023-12-22,120821581.55999999,-0.026920206312689654,130020305.47999993,-7.074836415774232
2023-12-25,119723444.02,-0.009088918766178011,130020305.47999993,-7.919425678925074
2023-12-26,119061657.99999999,-0.00552762264247475,130020305.47999993,-8.428412346474323
2023-12-27,119539146.56,0.004010430965105671,130020305.47999993,-8.061170815824736
2023-12-28,120908384.44000001,0.011454305300002687,130020305.47999993,-7.0080753974243954
2023-12-29,122442561.24000004,0.012688754440858041,130020305.47999993,-5.828123701159527
2024-01-02,122961827.18999998,0.004240894218001001,130020305.47999993,-5.428750735465471
2024-01-03,124272785.66999997,0.010661507802533832,130020305.47999993,-4.4204786235362725
2024-01-04,123536947.94,-0.005921149397535519,130020305.47999993,-4.986419248951246
2024-01-05,121027616.73000002,-0.020312394403808054,130020305.47999993,-6.91637257488461
2024-01-08,119491021.55999997,-0.01269623588001434,130020305.47999993,-8.098184265241247
2024-01-09,120637475.98,0.00959448170274757,130020305.47999993,-7.216433975724823
2024-01-10,118862782.27999997,-0.01471096510916936,130020305.47999993,-8.581369778212245
2024-01-11,119979026.46999997,0.009391031983169595,130020305.47999993,-7.7228544979418885
2024-01-12,118794309.07000002,-0.009874370836774338,130020305.47999993,-8.634033252388196
2024-01-15,118829573.66000001,0.00029685420350578084,130020305.47999993,-8.606910881101804
2024-01-16,117515215.56999998,-0.011060866832365512,130020305.47999993,-9.617797669244455
2024-01-17,114163856.30999999,-0.028518513485631947,130020305.47999993,-12.195363725275222
2024-01-18,113045978.64,-0.009791870265528746,130020305.47999993,-13.055135332389266
2024-01-19,112501169.96000001,-0.004819354801951503,130020305.47999993,-13.47415348343014
2024-01-22,106390146.09,-0.05431964727275984,130020305.47999993,-18.174206946187166
2024-01-23,106586089.22999997,0.0018417414319011893,130020305.47999993,-18.02350499292179
2024-01-24,108985731.48000005,0.022513653210616713,130020305.47999993,-16.177914612910584
2024-01-25,111815055.27999999,0.025960497411710692,130020305.47999993,-14.00185158217485
2024-01-26,111853417.00000001,0.0003430818855651996,130020305.47999993,-13.972347175260557
2024-01-29,107622955.94,-0.03782147361667121,130020305.47999993,-17.22603977687558
2024-01-30,104512528.84999998,-0.028901149042348195,130020305.47999993,-19.618302338109505
2024-01-31,99926706.97999997,-0.04387820216829441,130020305.47999993,-23.14530671874866
2024-02-01,97959170.23000003,-0.019689798748133813,130020305.47999993,-24.658560162306053
2024-02-02,93386131.28000002,-0.046683112354493184,130020305.47999993,-28.175733063198404
2024-02-05,86147804.50999999,-0.07750965449352776,130020305.47999993,-33.74280717772081
2024-02-06,88069539.25000001,0.02230741399540781,130020305.47999993,-32.26478054726067
2024-02-07,88132531.95999998,0.0007152610373166723,130020305.47999993,-32.216332183932025
2024-02-08,92499633.9,0.04955153157272374,130020305.47999993,-28.857547628029113
2024-02-19,94265190.62,0.01908717521962,130020305.47999993,-27.499639174051836
2024-02-20,95050524.78999998,0.008331115280568291,130020305.47999993,-26.89563031012806
2024-02-21,96789008.77,0.018290103961455584,130020305.47999993,-25.558543788463606
2024-02-22,98260588.76,0.015203998973653432,130020305.47999993,-24.426735964626147
2024-02-23,100619428.32000002,0.02400595793051319,130020305.47999993,-22.612527367521395
2024-02-26,101160145.49,0.005373884338522927,130020305.47999993,-22.196656040343854
2024-02-27,102927894.02999996,0.017474752843002817,130020305.47999993,-20.837061834289727
2024-02-28,99470144.73000003,-0.03359389922999989,130020305.47999993,-23.4964536017793
2024-02-29,101959349.02,0.025024637259316584,130020305.47999993,-21.581980104112542
2024-03-01,101643446.62,-0.00309831715322173,130020305.47999993,-21.824944000277657
2024-03-04,101661967.49999999,0.00018221420677733136,130020305.47999993,-21.810699394458887
2024-03-05,100671640.97000001,-0.009741366947280228,130020305.47999993,-22.572370063008663
2024-03-06,101377202.39000003,0.007008541960791925,130020305.47999993,-22.02971526967059
2024-03-07,100574513.76000004,-0.007917841596299269,130020305.47999993,-22.647071633383696
2024-03-08,101355497.03000005,0.007765220440077547,130020305.47999993,-22.046409092931395
2024-03-11,102615994.23000002,0.012436397007918432,130020305.47999993,-21.07694728821824
2024-03-12,102812026.68,0.0019103498579433609,130020305.47999993,-20.92617664568184
2024-03-13,102352446.16000003,-0.004470104664218044,130020305.47999993,-21.27964491227553
2024-03-14,102173282.27999999,-0.0017504601670190745,130020305.47999993,-21.41744175819018
2024-03-15,103484844.6,0.012836646633370918,130020305.47999993,-20.408705226493783
2024-03-18,104560362.26000002,0.010392996811825261,130020305.47999993,-19.5815131536637
2024-03-19,103572975.53999999,-0.009443222064827839,130020305.47999993,-20.340922783071093
2024-03-20,104241322.66000003,0.0064529102935921845,130020305.47999993,-19.826889903719923
2024-03-21,104435765.00999999,0.0018653096971359417,130020305.47999993,-19.677342224007788
2024-03-22,103755038.94999997,-0.006518131599216326,130020305.47999993,-20.200895877790526
2024-03-25,102520504.99999997,-0.011898544518834653,130020305.47999993,-21.150389070751764
2024-03-26,102278827.88000001,-0.0023573539751873263,130020305.47999993,-21.336265514517795
2024-03-27,98487328.13,-0.03707023074656701,130020305.47999993,-24.252348303281302
2024-03-28,101879491.47999997,0.03444263759011146,130020305.47999993,-21.643399387589234
2024-03-29,102372587.47,0.00483999265050139,130020305.47999993,-21.264154016506886
2024-04-01,103794719.92999998,0.013891731127893214,130020305.47999993,-20.170376813976986
2024-04-02,104218763.07000002,0.0040854018420786176,130020305.47999993,-19.844240724360375
2024-04-03,103440014.81999998,-0.007472246139373029,130020305.47999993,-20.443184287156292
2024-04-08,100724227.44999999,-0.026254707858712534,130020305.47999993,-22.531925241866425
2024-04-09,100927879.88000003,0.0020218812807586417,130020305.47999993,-22.37529399165654
2024-04-10,98140289.67000003,-0.027619625155252958,130020305.47999993,-24.5192592743937
2024-04-11,97894202.83000003,-0.0025075006485866247,130020305.47999993,-24.70852728071895
2024-04-12,96379722.99999997,-0.015470577278514197,130020305.47999993,-25.873329827835732
2024-04-15,89244408.22,-0.07403336052335374,130020305.47999993,-31.361176325087303
2024-04-16,81062924.45,-0.0916750296537514,130020305.47999993,-37.653642520883544
2024-04-17,86477139.31999998,0.06679027319498565,130020305.47999993,-33.48951227214112
2024-04-18,86478259.53999999,1.2953943768545528e-05,130020305.47999993,-33.48865069902308
2024-04-19,85781214.61,-0.008060348736292244,130020305.47999993,-34.0247553693103
2024-04-22,83522711.43999998,-0.026328645266544548,130020305.47999993,-35.76179418156522
2024-04-23,83971509.12999998,0.005373361116543629,130020305.47999993,-35.41661910422391
2024-04-24,85877580.14999999,0.022699020652935165,130020305.47999993,-33.950639607434304
2024-04-25,86129963.91,0.002938878337735762,130020305.47999993,-33.75652857295529
2024-04-26,86932824.28999996,0.009321499087575402,130020305.47999993,-33.13904011449027
2024-04-29,88180859.37999998,0.014356315927763763,130020305.47999993,-32.17916305114035
2024-04-30,87729199.24,-0.005121974804686791,130020305.47999993,-32.52653966922517
2024-05-06,89884743.15999998,0.0245704273910341,130020305.47999993,-30.86868791134605
2024-05-07,89540553.46,-0.0038292338376859636,130020305.47999993,-31.13340787083956
2024-05-08,88345561.23,-0.013345821349360132,130020305.47999993,-32.05248910633458
2024-05-09,89472684.12999998,0.012758115793340297,130020305.47999993,-31.185606894483954
2024-05-10,89776109.37999997,0.003391261287736924,130020305.47999993,-30.9522393071061
2024-05-13,89548996.41000001,-0.0025297706880863524,130020305.47999993,-31.126914308184983
2024-05-14,89422685.99,-0.0014105174269257725,130020305.47999993,-31.22406099579944
2024-05-15,88890280.83000001,-0.005953804161725973,130020305.47999993,-31.63353946766926
2024-05-16,88828180.08000003,-0.0006986224975343847,130020305.47999993,-31.681301815073937
2024-05-17,89368096.71000001,0.006078213349791861,130020305.47999993,-31.266046191725916
2024-05-20,89965828.38,0.006688423408407473,130020305.47999993,-30.806324406122254
2024-05-21,89403094.44000003,-0.006254974251146517,130020305.47999993,-31.239129065304148
2024-05-22,89359612.17,-0.00048636202440632825,130020305.47999993,-31.27257174169189
2024-05-23,87185791.93999998,-0.024326652468729226,130020305.47999993,-32.94448000400128
2024-05-24,87059962.58999997,-0.0014432322881989812,130020305.47999993,-33.04125669556147
2024-05-27,87886987.79999998,0.009499489609188005,130020305.47999993,-32.40518280929666
2024-05-28,85847493.31999995,-0.02320587530706153,130020305.47999993,-33.97377970842774
2024-05-29,85879757.12999998,0.0003758270480860304,130020305.47999993,-33.948965268959284
2024-05-30,83616844.27000003,-0.026349781783552184,130020305.47999993,-35.68939562070004
2024-05-31,83620058.33999999,3.843806864534116e-05,130020305.47999993,-35.686923645274284
2024-06-03,80562775.23999998,-0.03656159970098405,130020305.47999993,-38.038312598494585
2024-06-04,80140054.51,-0.005247097418636271,130020305.47999993,-38.363431608513366
2024-06-05,78000098.58000003,-0.02670270120334084,130020305.47999993,-40.00929447747051
2024-06-06,73934046.03,-0.052128812963354365,130020305.47999993,-43.136538745194116
2024-06-07,76443647.28000002,0.033943783476718004,130020305.47999993,-41.206377728624254
2024-06-11,76107600.97999999,-0.004396000347408169,130020305.47999993,-41.4648345125546
2024-06-12,77057353.3,0.012479073151308251,130020305.47999993,-40.73436990051283
2024-06-13,75862143.63000001,-0.015510650428737005,130020305.47999993,-41.65361837142482
2024-06-14,76314088.54000002,0.005957449768414946,130020305.47999993,-41.306022733703806
2024-06-17,75124209.30999999,-0.015591868457897617,130020305.47999993,-42.221171506510736
2024-06-18,75852103.16999997,0.009689204940531715,130020305.47999993,-41.66134059601349
2024-06-19,75530226.94000001,-0.004243471394307585,130020305.47999993,-41.90889902837655
2024-06-20,73328460.14000002,-0.029150803449181306,130020305.47999993,-43.60230129494689
2024-06-21,73831338.41999999,0.006857886815567538,130020305.47999993,-43.215532260569155
2024-06-24,70751915.96000002,-0.041708880346747024,130020305.47999993,-45.5839488310668
2024-06-25,71762234.47,0.014279733577408305,130020305.47999993,-44.806902118039815
2024-06-26,73483978.89999999,0.023992346987464108,130020305.47999993,-43.48269016234276
2024-06-27,72974573.7,-0.0069321940322966125,130020305.47999993,-43.87447912032083
2024-06-28,72949298.52999999,-0.0003463558431177072,130020305.47999993,-43.89391852242552
2024-07-01,73345867.18000002,0.005436222938277391,130020305.47999993,-43.58891335532027
2024-07-02,74178120.76000002,0.01134697307426391,130020305.47999993,-42.94881827407312
2024-07-03,74680318.42000003,0.006770158840028406,130020305.47999993,-42.56257271177727
2024-07-04,72281522.59,-0.03212085701763168,130020305.47999993,-44.407512101162894
2024-07-05,73278293.89000002,0.013790125944827647,130020305.47999993,-43.64088469145162
2024-07-08,70489469.9,-0.038057982001960755,130020305.47999993,-45.78579888751078
2024-07-09,71200866.46999998,0.010092238897656758,130020305.47999993,-45.238656218237935
2024-07-10,70944016.60000001,-0.003607398094069514,130020305.47999993,-45.436202185424946
2024-07-11,73242163.27000003,0.03239380542770132,130020305.47999993,-43.66867313562317
2024-07-12,73031012.72000001,-0.0028829097963918304,130020305.47999993,-43.83107126968423
2024-07-15,71840485.47000001,-0.016301666999531617,130020305.47999993,-44.74671844156626
2024-07-16,72298756.82,0.006379012432917719,130020305.47999993,-44.3942570715455
2024-07-17,71035074.89999999,-0.017478612020205953,130020305.47999993,-45.366168278287276
2024-07-18,70974671.7,-0.0008503292223598358,130020305.47999993,-45.41262502192973
2024-07-19,71435149.62,0.006487918985330188,130020305.47999993,-45.05846655545018
2024-07-22,72420658.51999998,0.013795854075233205,130020305.47999993,-44.30050117737962
2024-07-23,71978619.62,-0.006103768027432399,130020305.47999993,-44.640477997437145
2024-07-24,71269264.13,-0.00985508604839802,130020305.47999993,-45.186050850370584
2024-07-25,71893935.22999999,0.0087649438734283,130020305.47999993,-44.70560966259312
2024-07-26,71774223.37999998,-0.001665117504237812,130020305.47999993,-44.7976813198301
2024-07-29,72935161.49999997,0.01617486146598268,130020305.47999993,-43.90479146257732
2024-07-30,74835400.95000002,0.02605381836304077,130020305.47999993,-42.44329708830641
2024-07-31,75850900.39999999,0.013569773624630743,130020305.47999993,-41.662265659214604
2024-08-01,77489567.46000001,0.021603791798890937,130020305.47999993,-40.40194939249727
2024-08-02,77927069.27,0.005645944665078062,130020305.47999993,-40.065462096620784
2024-08-05,78668868.28000002,0.009519144206871832,130020305.47999993,-39.494936587346295
2024-08-06,79835954.05,0.014835420866181392,130020305.47999993,-38.59731850708459
2024-08-07,79633476.11,-0.002536174865189089,130020305.47999993,-38.75304644454213
2024-08-08,80884962.91000004,0.015715586724750263,130020305.47999993,-37.790514634314576
2024-08-09,78986893.73999998,-0.02346627978443938,130020305.47999993,-39.250339823151734
2024-08-12,76694112.67999999,-0.029027360761230914,130020305.47999993,-41.013742125227296
2024-08-13,77614912.84,0.012006138774197428,130020305.47999993,-40.30554492741217
2024-08-14,77315219.83000001,-0.003861281280026607,130020305.47999993,-40.53604200930535
2024-08-15,77431102.16000001,0.0014988294705078342,130020305.47999993,-40.446915676635854
2024-08-16,76439923.89,-0.01280077697915094,130020305.47999993,-41.2092414274798
2024-08-19,75963871.21,-0.006227801595996674,130020305.47999993,-41.575378607547606
2024-08-20,75386027.72000001,-0.007606819936842757,130020305.47999993,-42.0198041823582
2024-08-21,75424870.44000003,0.0005152509181711729,130020305.47999993,-41.989929833227414
2024-08-22,74472124.69999996,-0.012631718615386589,130020305.47999993,-42.72269671643292
2024-08-23,72780403.53999999,-0.022716166173784025,130020305.47999993,-44.02381745580865
2024-08-26,74164012.5,0.019010734932784157,130020305.47999993,-42.95966908691189
2024-08-27,73257495.80000001,-0.012223134502060362,130020305.47999993,-43.656880723704596
2024-08-28,72993431.84000005,-0.0036045998722217254,130020305.47999993,-43.85997512424851
2024-08-29,73967406.54999998,0.013343319877531679,130020305.47999993,-43.110880814398755
2024-08-30,76067254.75,0.02838883094516209,130020305.47999993,-41.495865227219554
2024-09-02,75867832.87999998,-0.0026216519927718673,130020305.47999993,-41.649242708732004
2024-09-03,76644480.68,0.010236852306410915,130020305.47999993,-41.051914624374064
2024-09-04,75133347.34999998,-0.019716140243799085,130020305.47999993,-42.21414334274335
2024-09-05,76632588.14999999,0.019954399116759225,130020305.47999993,-41.0610612957006
2024-09-06,75942572.90999998,-0.00900420117156131,130020305.47999993,-41.59175935663244
2024-09-09,77079846.78000002,0.014975445608720994,130020305.47999993,-40.71706992577659
2024-09-10,77834840.56,0.00979495693802912,130020305.47999993,-40.13639617853939
2024-09-11,76842552.72000001,-0.012748633296615686,130020305.47999993,-40.89957531147307
2024-09-12,78082831.74,0.01614052339618821,130020305.47999993,-39.94566352406325
2024-09-13,77732705.04999998,-0.004484041910337799,130020305.47999993,-40.21494968571887
2024-09-18,75649011.57000002,-0.02680587892393127,130020305.47999993,-41.817540505904624
2024-09-19,78386837.71000001,0.03619116870372596,130020305.47999993,-39.71184929875612
2024-09-20,78392093.93,6.705488004810078e-05,130020305.47999993,-39.707806684042524
2024-09-23,79344565.91000001,0.012150102545423813,130020305.47999993,-38.97525035256512
2024-09-24,81664222.97,0.02923523537366335,130020305.47999993,-37.19117743300349
2024-09-25,83173768.89000003,0.018484788872044744,130020305.47999993,-36.03016960855084
2024-09-26,85068416.75999999,0.02277939181168631,130020305.47999993,-34.5729757779369
2024-09-27,87816926.74000004,0.032309405590024154,130020305.47999993,-32.459067515797926
2024-09-30,95593542.05000001,0.08855485609311087,130020305.47999993,-26.477989959264892
2024-10-08,101974779.66000003,0.0667538567266639,130020305.47999993,-21.570112234749317
2024-10-09,93256973.12,-0.0854898296330383,130020305.47999993,-28.275069977938916
2024-10-10,92648873.6,-0.006520686868289549,130020305.47999993,-28.742765787262748
2024-10-11,91047179.37999998,-0.017287789454571545,130020305.47999993,-29.974645849447647
2024-10-14,93156940.88,0.023172178582211655,130020305.47999993,-28.35200583778843
2024-10-15,92783753.30999999,-0.004006009283631706,130020305.47999993,-28.63902836755584
2024-10-16,93164876.81,0.004107653402709799,130020305.47999993,-28.345902229609155
2024-10-17,93294765.54000002,0.0013941813100328826,130020305.47999993,-28.2460034257104
2024-10-18,95890843.58000003,0.027826620550184478,130020305.47999993,-26.249332190078412
2024-10-21,97894041.89,0.020890402411871012,130020305.47999993,-24.708651061384924
2024-10-22,100972334.95999998,0.03144515243796908,130020305.47999993,-22.34110311674986
2024-10-23,102326119.13000001,0.013407476122408557,130020305.47999993,-21.299893311095097
2024-10-24,104716706.84000002,0.02336243893861445,130020305.47999993,-19.461266874113115
2024-10-25,108492749.39,0.03605959988571383,130020305.47999993,-16.55707238229136
2024-10-28,114067450.13999999,0.05138316414086397,130020305.47999993,-12.269510736116407
2024-10-29,112641859.52999999,-0.012497786250593945,130020305.47999993,-13.365947638596454
2024-10-30,114592701.41999999,0.01731897802593041,130020305.47999993,-11.865534389452003
2024-10-31,117749651.08999996,0.027549308384215987,130020305.47999993,-9.437490817068939
2024-11-01,112923826.82000002,-0.040983767045826736,130020305.47999993,-13.149083596507726
2024-11-04,113527792.27,0.0053484323637269515,130020305.47999993,-12.684567344395958
2024-11-05,118431179.58,0.043191074290764186,130020305.47999993,-8.913320005837555
2024-11-06,120924019.95999995,0.021048852074601276,130020305.47999993,-6.996049952673888
2024-11-07,127877411.42999999,0.05750215277576887,130020305.47999993,-1.6481226083025602
2024-11-08,128547020.13000003,0.005236332926292997,130020305.47999993,-1.13311943435368
2024-11-11,130397333.03000002,0.014394055172409104,130397333.03000002,0.0
2024-11-12,126761581.82,-0.02788209793495977,130397333.03000002,-2.788209793495977
2024-11-13,124420522.67999999,-0.018468207057594777,130397333.03000002,-4.58353726346915
2024-11-14,120388724.4,-0.03240460812376955,130397333.03000002,-7.675470347002699
2024-11-15,116283019.49999997,-0.03410373289078583,130397333.03000002,-10.824081445555954
2024-11-18,115328248.56000003,-0.008210751183666543,130397333.03000002,-11.556282724381406
2024-11-19,117256168.35999998,0.016716804634355764,130397333.03000002,-10.077786381548693
2024-11-20,120421323.39999996,0.026993505623365666,130397333.03000002,-7.650470602573534
2024-11-21,120890067.68000004,0.0038925355307968257,130397333.03000002,-7.290996778141679
2024-11-22,117784784.75000001,-0.02568683258760185,130397333.03000002,-9.672397423265
2024-11-25,118977599.10999998,0.010127066603141888,130397333.03000002,-8.757643775868285
2024-11-26,118505348.16999999,-0.003969242475328372,130397333.03000002,-9.119806811742148
2024-11-27,119451325.41999999,0.00798257010850656,130397333.03000002,-8.394349298142256
2024-11-28,122197737.57000004,0.022991893479151093,130397333.03000002,-6.28816193511682
2024-11-29,122961773.58000001,0.006252456266322426,130397333.03000002,-5.702232765979454
2024-12-02,126232839.65999998,0.02660230073756842,130397333.03000002,-3.193695203138802
2024-12-03,127979364.12,0.013835737710600204,130397333.03000002,-1.8543085612369947
2024-12-04,125602775.73999998,-0.018570090548126306,130397333.03000002,-3.676882938163295
2024-12-05,127740561.28999998,0.017020209445253398,130397333.03000002,-2.0374433113511614
2024-12-06,129683921.83999997,0.015213339681419802,130397333.03000002,-0.5471056603864044
2024-12-09,130813278.98000003,0.008708536293291935,130813278.98000003,0.0
2024-12-10,130197814.35000002,-0.004704909431206161,130813278.98000003,-0.4704909431206161
2024-12-11,132807857.75999999,0.0200467528816084,132807857.75999999,0.0
2024-12-12,135726013.70000005,0.021972765687354956,135726013.70000005,0.0
2024-12-13,133525947.35999998,-0.016209614354864565,135726013.70000005,-1.6209614354864565
2024-12-16,133561763.37000003,0.0002682325848135658,135726013.70000005,-1.5945729716808188
2024-12-17,128418333.35000001,-0.03850974927420969,135726013.70000005,-5.384141293762934
2024-12-18,128668753.69000003,0.0019500357423072323,135726013.70000005,-5.199636987496681
2024-12-19,127430822.00000001,-0.009621074693725196,135726013.70000005,-6.111718361032237
2024-12-20,128250689.86999999,0.00643382705323825,135726013.70000005,-5.507657394641408
2024-12-23,119005126.19,-0.07208977736783839,135726013.70000005,-12.319589336027226
2024-12-24,117007578.27000001,-0.01678539390656808,135726013.70000005,-13.791339566911653
2024-12-25,114085553.28999998,-0.0249729549419212,135726013.70000005,-15.944224559510555
2024-12-26,115693996.68999997,0.014098572112030805,135726013.70000005,-14.75915814803015
2024-12-27,118099589.52,0.020792719577713115,135726013.70000005,-12.98676922683396
2024-12-30,115141837.05999999,-0.025044561729819725,135726013.70000005,-15.165977456243562
2024-12-31,114282298.11999997,-0.0074650445220194594,135726013.70000005,-15.799267211514712
